{"cameraMode":{"drawMode":0,"name":"Shaded","section":"Shading Mode"},"sceneLighting":true,"audioPlay":false,"sceneViewState":{"m_AlwaysRefresh":false,"showFog":true,"showSkybox":true,"showFlares":true,"showImageEffects":true,"showParticleSystems":true,"showVisualEffectGraphs":true,"m_FxEnabled":false},"in2DMode":false,"pivot":{"x":520.4389038085938,"y":96.80332946777344,"z":1319.1427001953125},"rotation":{"x":0.21652238070964814,"y":-0.09501855075359345,"z":0.021179186180233957,"w":0.9714117646217346},"size":513.6715087890625,"orthographic":false}